id,name,county,town,time,length,url,note
1 ,觀音山,新北市,八里區,2019/3/28,3.534,-,凌雲寺－硬漢嶺－觀音山－遊客中心
2 ,天上山,新北市,土城區,2019/4/7,10.755,-,天上山－五城山
3 ,南勢角山,新北市,中和區,2019/4/13,6.599,-,烘爐地－南勢角山
4 ,鳶山岩,新北市,三峽區,2019/4/27,4.420,-,
5 ,大棟山縱走,新北市,樹林區,2019/5/3,14.685,-,大同山－青龍嶺－大棟山－鶯歌
6 ,獅頭山,新北市,新店區,2019/5/5,4.684,-,獅頭山－長壽亭
7 ,劍潭山,臺北市,士林區,2019/5/18,2.995,-,老地方－劍潭山
8 ,七星山,臺北市,北投區,2019/6/8,5.828,-,七星山主峰－七星山東峰
9 ,銀河洞,臺北市,文山區,2019/6/16,11.781,-,政大－貓空－銀河洞
10 ,基隆山,新北市,瑞芳區,2019/6/25,1.763,-,
11 ,紅淡山,基隆市,仁愛區,2019/7/7,2.319,-,
12 ,仙跡岩,臺北市,文山區,2019/7/14,5.959,-,
13 ,金面山,臺北市,內湖區,2019/7/20,1.232,-,金面山－大崙頭山
14 ,觀音山,新北市,八里區,2019/8/11,2.991,-,
15 ,火焰山,新北市,土城區,2019/10/12,7.279,-,
16 ,草嶺古道,新北市,貢寮區,2019/10/27,7.854,-,
17 ,蟾蜍山,臺北市,文山區,2019/11/3,1.550,-,蟾蜍山－福興國中
18 ,和美山,新北市,新店區,2019/11/3,2.067,-,
19 ,南港山,臺北市,南港區,2019/11/17,9.387,-,拇指山－南港山－九五峰－福壽石－豹山
20 ,獅仔頭山,新北市,新店區,2019/11/24,3.806,-,
21 ,皇帝殿,新北市,石碇區,2019/12/1,7.468,-,
22 ,南港山縱走,臺北市,南港區,2020/1/18,9.692,"https://maps.openrouteservice.org/directions?n1=25.020907&n2=121.582968&n3=15&a=25.03381,121.609808,25.029747,121.590521,25.026135,121.586487,25.021866,121.58565,25.020339,121.584027,25.01682,121.579978,25.015556,121.57667,25.015734,121.574296,25.012908,121.573809,25.00898,121.562068,25.012118,121.556472,25.005901,121.558177,null,null&b=2&c=0&k1=en-US&k2=km&s",
23 ,二格山,臺北市,文山區,2020/2/28,3.866,"https://maps.openrouteservice.org/directions?n1=24.964928&n2=121.613785&n3=16&a=24.969969,121.608671,24.967142,121.619643,24.969651,121.620308,24.96993,121.608642&b=2&c=0&k1=en-US&k2=km",
24 ,獅子頭山,新北市,新店區,2020/2/29,2.083,"https://maps.openrouteservice.org/directions?n1=24.959346&n2=121.54134&n3=17&a=24.959503,121.539179,24.958292,121.543523,24.956199,121.545285,24.956539,121.541471,24.956996,121.538357&b=2&c=0&k1=en-US&k2=km",
25 ,仙跡岩,臺北市,文山區,2020/3/3,2.123,"https://maps.openrouteservice.org/directions?n1=24.992579&n2=121.553634&n3=17&a=24.991011,121.543393,24.992654,121.548128,24.992528,121.548704,24.993886,121.558528,24.988784,121.560084,24.988548,121.543887,24.990878,121.543279&b=2&c=0&k1=en-US&k2=km",
26 ,天上山縱走,新北市,土城區,2020/3/8,13.794,"https://maps.openrouteservice.org/directions?n1=24.95105&n2=121.466709&n3=17&a=24.965959,121.435661,24.946141,121.456132,24.96116,121.473377,24.968993,121.495829,24.985546,121.514289,24.98964,121.510431&b=2&c=0&k1=en-US&k2=km",天上山－五城山－文筆山－五尖山－南勢角山－外挖子山
27 ,大尖山,新北市,汐止區,2020/3/15,8.081,"https://maps.openrouteservice.org/directions?n1=25.047743&n2=121.679199&n3=15&a=25.05776,121.662219,25.051177,121.668084,25.041178,121.680611,25.051206,121.677142,25.053238,121.678838,25.054287,121.674643,25.057961,121.662437&b=2&c=0&k1=en-US&k2=km",
28 ,興隆山,臺北市,文山區,2020/3/22,1.774,"https://maps.openrouteservice.org/directions?n1=24.993243&n2=121.566855&n3=17&a=24.989108,121.559869,24.993799,121.562154,24.993248,121.562787,24.994927,121.567622,24.996119,121.570605,24.991672,121.570519,24.989121,121.559865&b=2&c=0&k1=en-US&k2=km",興隆山－興隆山東北峰
29 ,白鷺鷥山,臺北市,內湖區,2020/4/3,1.711,-,
30 ,康樂山,臺北市,內湖區,2020/4/3,2.819,-,
31 ,外南勢角山,新北市,中和區,2020/4/5,5.611,"https://maps.openrouteservice.org/directions?n1=24.988859&n2=121.511707&n3=15&a=24.993299,121.504962,24.990197,121.503654,24.990291,121.501558,24.988975,121.501529,24.986207,121.502044,24.984327,121.498096,24.981559,121.492882,24.982252,121.492453,24.983439,121.49138,24.982369,121.491337,24.985121,121.498339,24.987144,121.497538,24.9873,121.498497,24.98881,121.500242,24.990266,121.500703,24.99023,121.503761,24.993769,121.504977&b=2&c=0&k1=en-US&k2=km",
32 ,大屯山西峰,臺北市,北投區,2020/4/11,4.553,"https://maps.openrouteservice.org/directions?n1=25.162972&n2=121.507802&n3=14&a=25.1599,121.500782,25.167031,121.507466,25.170993,121.513553,25.165491,121.505263,25.159891,121.5008&b=2&c=0&k1=en-US&k2=km",
33 ,劍龍稜,新北市,瑞芳區,2020/4/18,6.027,-,半屏溪－381峰－龍牙岩－555峰－半屏山－無耳茶壺山
34 ,軍艦岩U型,臺北市,北投區,2020/4/19,4.940,"https://maps.openrouteservice.org/directions?n1=25.128449&n2=121.509004&n3=15&a=25.121241,121.505029,25.122488,121.504067,25.123871,121.508796,25.127329,121.518767,25.126944,121.518833,25.13248,121.519271,25.134581,121.514654,25.133303,121.513567,25.134099,121.513224,25.134073,121.509549,25.136171,121.509329&b=2&c=0&k1=en-US&k2=km",東華山－奇岩山－唭哩岸山－軍艦岩－260峰－不動明王－地熱谷
35 ,筆架山連峰,新北市,石碇區,2020/5/3,10.284,"https://maps.openrouteservice.org/directions?n1=24.958592&n2=121.628466&n3=13&a=25.000272,121.651996,24.994732,121.655138,24.990985,121.659633,24.991815,121.653854,24.985838,121.652892,24.975101,121.630719,24.969097,121.620333,24.968805,121.619546,24.967171,121.619604,24.970744,121.614751,24.970523,121.605313&b=2&c=0&k1=en-US&k2=km",西帽子岩－炙子頭山－筆架山－二格山
36 ,天上山,新北市,土城區,2020/5/17,7.792,"https://maps.openrouteservice.org/directions?n1=24.952367&n2=121.459765&n3=14&a=24.966276,121.435744,24.955376,121.445682,24.945911,121.453273,24.946067,121.45191,24.946282,121.456053,24.961559,121.443526,24.966435,121.435604&b=2&c=0&k1=en-US&k2=km",
37 ,柴呈尖,新北市,新店區,2020/6/14,3.451,"https://maps.openrouteservice.org/directions?n1=24.968503&n2=121.509338&n3=16&a=24.964973,121.513646,24.973668,121.507452,24.972028,121.506786,24.968513,121.50836,24.963294,121.510363&b=2&c=0&k1=en-US&k2=km",
38 ,撒固兒步道,花蓮縣,花蓮市,2020/6/25,1.087,"https://maps.openrouteservice.org/directions?n1=24.020688&n2=121.578961&n3=17&a=24.018802,121.577071,24.022438,121.578616,24.021343,121.577632,24.018795,121.57691&b=2&c=0&k1=en-US&k2=km",
39 ,錐麓古道,花蓮縣,秀林鄉,2020/6/26,6.180,"https://maps.openrouteservice.org/directions?n1=24.159494&n2=121.532092&n3=14&a=24.172862,121.566542,24.175905,121.548529,24.172757,121.566539&b=2&c=0&k1=en-US&k2=km",
40 ,砂卡噹步道,花蓮縣,秀林鄉,2020/6/26,2.995,"https://maps.openrouteservice.org/directions?n1=24.161842&n2=121.614238&n3=18&a=24.162174,121.613621,24.171083,121.612658,24.162143,121.613624&b=2&c=0&k1=en-US&k2=km",
41 ,大屯山連峰,臺北市,北投區,2020/7/19,6.684,"https://maps.openrouteservice.org/directions?n1=25.164824&n2=121.495528&n3=14&a=25.183209,121.529217,25.175612,121.522238,25.169329,121.516943,25.171427,121.508296,25.177486,121.511943,25.185918,121.525258&b=2&c=0&k1=en-US&k2=km",大屯山主峰－西峰－南峰
42 ,林美石磐步道,宜蘭縣,礁溪鄉,2020/8/21,2.938,-,
43 ,五寮尖,新北市,三峽區,2020/8/30,4.298,-,
44 ,樹林南寮福德宮,新北市,樹林區,2020/9/20,3.678,"https://maps.openrouteservice.org/directions?n1=24.98845&n2=121.416628&n3=15&a=24.99111,121.423688,24.99709,121.410411,24.991445,121.4204,24.991139,121.423876&b=2&c=0&k1=en-US&k2=km",
45 ,大溪金面山,桃園市,大西區,2020/10/2,15.717,"https://maps.openrouteservice.org/directions?n1=24.875916&n2=121.319489&n3=14&a=24.882003,121.304067,24.866069,121.325101,24.871427,121.326356,24.866493,121.335315,24.86549,121.335315,24.861645,121.329446,24.865189,121.322601,24.867963,121.327456,24.868388,121.320348,24.877093,121.294577,24.879769,121.290463,null,null&b=2&c=0&k1=en-US&k2=km&s=10",金山面山－金面山
46 ,仙跡岩,臺北市,文山區,2020/10/11,2.033,"https://maps.openrouteservice.org/directions?n1=24.986058&n2=121.545138&n3=14&a=24.989112,121.542193,24.993935,121.551635,24.989238,121.553925&b=2&c=0&k1=en-US&k2=km",
47 ,石門山,桃園市,龍潭區,2020/10/25,4.314,"https://maps.openrouteservice.org/directions?n1=24.810733&n2=121.234555&n3=17&a=24.818699,121.237907,24.813479,121.235923,24.812286,121.232436,24.810002,121.229464,24.811414,121.229442,24.816327,121.230773,24.816308,121.232023,24.816391,121.234576,24.818679,121.237913&b=2&c=0&k1=en-US&k2=km",太平山－清水坑山－石門山
48 ,大棟山,桃園市,龜山區,2020/11/1,3.462,"https://maps.openrouteservice.org/directions?n1=25.000683&n2=121.33009&n3=12&a=24.99868,121.370773,24.994693,121.377125,24.995743,121.384163,24.996055,121.382639,24.996094,121.375923,24.9987,121.370666&b=2&c=0&k1=en-US&k2=km",大湖頂山－大棟山
49 ,和美山,新北市,新店區,2020/11/22,3.661,"https://maps.openrouteservice.org/directions?n1=24.951919&n2=121.534903&n3=16&a=24.956452,121.536963,24.953787,121.53397,24.95475,121.53486,24.952571,121.535225,24.950616,121.533165,24.94941,121.53338,24.949089,121.532215,24.949079,121.532736,24.956063,121.53677,null,null&b=2b&c=0&k1=en-US&k2=km",
50 ,仙跡岩,臺北市,文山區,2021/1/3,1.484,"https://maps.openrouteservice.org/directions?n1=24.993698&n2=121.547582&n3=16&a=24.990522,121.543207,24.992923,121.549129,24.996891,121.551039&b=2b&c=0&k1=en-US&k2=km",
51 ,大坑步道,臺中市,北屯區,2021/1/23,4.726,"https://maps.openrouteservice.org/directions?n1=24.176786&n2=120.787339&n3=15&a=24.172949,120.78485,24.175949,120.791872,24.177784,120.792983,24.179722,120.798036,24.173752,120.799549,24.172949,120.784657&b=2b&c=0&k1=en-US&k2=km",
52 ,二格山,新北市,石碇區,2021/2/6,0.841,"https://classic-maps.openrouteservice.org/directions?n1=24.967152&n2=121.622059&n3=17&a=24.967443,121.623641,24.967123,121.619704,24.968445,121.620444&b=2&c=0&k1=en-US&k2=km",
53 ,大棟山,新北市,樹林區,2021/2/7,8.879,"https://classic-maps.openrouteservice.org/directions?n1=24.990175&n2=121.416793&n3=16&a=24.992424,121.41788,24.996625,121.406636,25.000009,121.403332,24.995818,121.384141,24.993163,121.383641,24.984385,121.39678,24.980139,121.405413&b=2&c=0&k1=en-US&k2=km",
54 ,新山,新北市,汐止區,2021/3/21,1.652,"https://classic-maps.openrouteservice.org/directions?n1=25.127827&n2=121.635978&n3=17&a=25.126927,121.637928,25.128015,121.634545,25.129835,121.633859,25.129304,121.636748,25.127018,121.638111&b=2&c=0&k1=en-US&k2=km",
55 ,火炎山,苗栗縣,三義鄉,2021/4/2,6.491,"https://classic-maps.openrouteservice.org/directions?n1=24.359453&n2=120.737437&n3=18&a=24.358738,120.736563,24.378632,120.730669,24.378619,120.730906,24.359033,120.736713&b=2&c=0&k1=en-US&k2=km",
56 ,中埔山,臺北市,文山區,2021/4/23,2.860,"https://classic-maps.openrouteservice.org/directions?n1=25.015332&n2=121.554143&n3=16&a=25.008669,121.558771,25.011521,121.55915,25.010986,121.55974,25.012105,121.55826,25.013531,121.557019,25.012119,121.556473,25.011298,121.555238,25.01175,121.555232,25.012767,121.556184,25.013244,121.556153,25.014968,121.556835,25.015255,121.557797,25.016485,121.557178,null,null&b=2&c=0&k1=en-US&k2=km",
57 ,興隆山,臺北市,文山區,2021/5/1,1.752,"https://classic-maps.openrouteservice.org/directions?n1=24.994246&n2=121.566643&n3=16&a=24.996173,121.570693,24.99341,121.562855,24.994116,121.559524&b=2&c=0&k1=en-US&k2=km",興隆山東北峰－興隆山
58 ,一四〇高地,臺北市,文山區,2021/6/15,3.508,"https://classic-maps.openrouteservice.org/directions?n1=25.00148&n2=121.564654&n3=16&a=24.998816,121.569157,25.001224,121.565731,25.001986,121.5643,25.003289,121.56327,25.003702,121.565981,25.004101,121.564896,25.003336,121.563832,25.002548,121.56103,25.003918,121.558887,25.00478,121.558524,25.004046,121.557371,25.000876,121.554707&b=2&c=0&k1=en-US&k2=km",
59 ,猴山坑,臺北市,文山區,2021/6/27,2.593,"https://classic-maps.openrouteservice.org/directions?n1=24.988356&n2=121.592923&n3=17&a=24.987309,121.587903,24.98833,121.588976,24.988885,121.592474,24.987095,121.596379,24.989902,121.598396,24.996226,121.594241&b=2&c=0&k1=en-US&k2=km",
60 ,仙跡岩,臺北市,文山區,2021/7/8,1.307,"https://classic-maps.openrouteservice.org/directions?n1=24.992983&n2=121.545429&n3=18&a=24.990586,121.54323,24.991554,121.545376,24.992428,121.547638,24.992599,121.548396,24.992541,121.548718,24.991894,121.546937,24.992317,121.547297,24.993732,121.545662,null,null&b=2&c=0&k1=en-US&k2=km",
61 ,石牛山,新竹縣,關西鎮,2021/7/17,3.456,網站畫不出來,
62 ,仙跡岩,臺北市,文山區,2021/7/18,1.516,"https://classic-maps.openrouteservice.org/directions?n1=24.990612&n2=121.544042&n3=17&a=24.991018,121.543458,24.990998,121.54452,24.991815,121.545932,24.992437,121.547697,24.992645,121.548316,24.992505,121.548738,24.992005,121.547397,24.991348,121.545625,24.990974,121.544938,24.991011,121.544724,24.990689,121.543536,24.990582,121.54323,null,null&b=2&c=0&k1=en-US&k2=km",
63 ,紗帽山,臺北市,北投區,2021/7/19,3.400,"https://classic-maps.openrouteservice.org/directions?n1=25.140713&n2=121.540439&n3=15&a=25.142831,121.541426,25.145288,121.542392,25.147703,121.54462,25.14849,121.548536,25.143031,121.546018,25.142802,121.541362,null,null&b=2&c=0&k1=en-US&k2=km",
64 ,觀音山,新北市,八里區,2021/8/28,3.313,"https://classic-maps.openrouteservice.org/directions?n1=25.131965&n2=121.420319&n3=16&a=25.129916,121.419042,25.1327,121.424468,25.135703,121.424384,25.135813,121.426755,25.135499,121.423815,25.132548,121.42413,25.129152,121.417732&b=2&c=0&k1=en-US&k2=km",
65 ,獅仔頭山,新北市,新店屈,2021/9/5,2.925,"https://classic-maps.openrouteservice.org/directions?n1=24.906601&n2=121.499051&n3=16&a=24.902617,121.501132,24.903795,121.495593,24.903613,121.490926,24.90447,121.491591,24.902497,121.5013&b=2&c=0&k1=en-US&k2=km",
66 ,福州山,臺北市,大安區,2021/9/17,1.445,"https://classic-maps.openrouteservice.org/directions?n1=25.018178&n2=121.553829&n3=17&a=25.017886,121.552649,25.017118,121.552284,25.016924,121.552863,25.01705,121.554816,25.016895,121.551661,25.017993,121.552777&b=2&c=0&k1=en-US&k2=km",
67 ,五指山,新竹縣,五峰鄉,2021/9/19,2.488,"https://classic-maps.openrouteservice.org/directions?n1=24.64218&n2=121.089664&n3=17&a=24.642112,121.089277,24.643653,121.090579,24.642896,121.092299,24.642419,121.093379,24.637695,121.086745,24.642119,121.089267&b=2&c=0&k1=en-US&k2=km",
68 ,巨木群步道,新竹縣,五峰鄉,2021/9/20,1.541,"https://classic-maps.openrouteservice.org/directions?n1=24.504241&n2=121.112022&n3=16&a=24.502503,121.110742,24.503056,121.104984,24.502503,121.110849&b=2&c=0&k1=en-US&k2=km",觀霧樂山巨木群步道
69 ,東眼山,桃園市,復興區,2021/10/9,1.739,"https://classic-maps.openrouteservice.org/directions?n1=24.874497&n2=121.435947&n3=12&a=24.817731,121.409426,24.815803,121.412323,24.815401,121.412938,24.817699,121.409336&b=2&c=0&k1=en-US&k2=km",
70 ,十八尖山,新竹市,東區,2021/10/31,2.784,"https://classic-maps.openrouteservice.org/directions?n1=24.780864&n2=120.995765&n3=14&a=24.795361,120.985862,24.792923,120.98882,24.790861,120.98682,24.793249,120.985476,24.792498,120.984589,24.793403,120.983727,24.795447,120.985638&b=2&c=0&k1=en-US&k2=km",
71 ,八通關古道,南投縣,信義鄉,2021/12/25,8.096,"https://classic-maps.openrouteservice.org/directions?n1=23.551707&n2=120.941981&n3=16&a=23.556231,120.92649,23.556262,120.928869,23.555234,120.952749,23.556264,120.926371&b=2&c=0&k1=en-US&k2=km",雲龍瀑布
72 ,媽祖田縱走,新北市,土城區,2022/1/15,11.232,"https://maps.openrouteservice.org/#/directions/Chengtian%20Road,T%E2%80%99u-ch%E2%80%99eng-chuang,TP,%E5%8F%B0%E6%B9%BE/%E6%89%BF%E5%A4%A9%E8%B7%AF%20%EF%BC%99%EF%BC%90,T%E2%80%99u-ch%E2%80%99eng-chuang,TP,%E5%8F%B0%E6%B9%BE/%E6%84%9B%E7%8E%89%E5%86%B0,TP,%E5%8F%B0%E6%B9%BE/%E9%BE%8D%E6%B3%89%E8%B7%AF%20%EF%BC%98%EF%BC%99%E8%99%9F,TP,%E5%8F%B0%E6%B9%BE/%E7%81%AB%E7%87%84%E5%B1%B1%E6%AD%A5%E9%81%93,TP,%E5%8F%B0%E6%B9%BE/%E7%81%AB%E7%87%84%E5%B1%B1%E6%AD%A5%E9%81%93,TP,%E5%8F%B0%E6%B9%BE/%E7%81%AB%E7%87%84%E5%B1%B1%E6%AD%A5%E9%81%93,TP,%E5%8F%B0%E6%B9%BE/%E7%81%AB%E7%87%84%E5%B1%B1%E6%AD%A5%E9%81%93,TP,%E5%8F%B0%E6%B9%BE/%E7%81%AB%E7%87%84%E5%B1%B1%E6%AD%A5%E9%81%93,TP,%E5%8F%B0%E6%B9%BE/%E5%BE%B7%E5%AE%89%E5%AE%AE,TP,%E5%8F%B0%E6%B9%BE/%E5%8D%81%E5%85%AB%E7%BE%85%E6%BC%A2%E5%B2%A9,TP,%E5%8F%B0%E6%B9%BE/%E6%88%90%E7%A6%8F%E8%B7%AF105%E5%B7%B7,TP,%E5%8F%B0%E6%B9%BE/%E4%BB%8B%E5%A3%BD%E8%B7%AF%E4%B8%89%E6%AE%B5172%E5%B7%B7,TP,%E5%8F%B0%E6%B9%BE/%E9%95%B7%E5%A3%BD%E5%B1%B1,TP,%E5%8F%B0%E6%B9%BE/data/55,130,32,198,15,97,4,224,38,9,96,59,2,24,5,192,166,6,113,0,184,64,70,0,153,240,14,128,22,1,152,5,96,29,128,6,51,8,168,128,217,15,96,26,66,201,32,78,22,5,146,171,208,139,26,45,241,208,96,27,136,169,50,67,240,0,231,193,94,177,37,116,105,113,235,202,152,181,244,169,40,167,76,75,89,197,201,149,234,160,217,41,74,148,235,227,102,131,170,248,89,173,20,170,165,249,27,50,77,58,125,113,66,26,124,23,94,5,37,126,45,125,42,66,90,0,235,35,42,10,10,94,21,10,100,232,202,22,39,124,26,19,21,94,26,66,84,133,1,81,101,111,122,37,22,124,138,33,111,100,137,24,252,127,57,107,42,97,54,101,73,91,42,124,143,24,129,124,24,222,10,11,30,133,70,37,26,83,58,33,167,102,194,149,18,150,224,154,110,171,106,239,76,138,34,222,58,103,110,87,73,191,93,136,186,76,252,50,42,202,93,179,227,83,22,94,104,172,226,227,39,83,69,199,156,217,35,50,241,29,28,95,21,50,88,129,17,51,36,170,63,50,59,133,132,148,162,52,190,21,76,130,216,46,86,9,84,18,76,46,141,147,166,71,201,156,108,94,18,164,70,23,140,98,16,98,116,81,39,130,47,146,160,40,201,132,200,141,4,1,193,0,64,0,14,168,120,4,17,13,129,194,128,0,94,80,0,45,174,25,67,203,231,64,32,0,51,120,0,6,221,11,129,1,42,160,168,0,45,0,29,217,10,168,3,89,32,0,230,220,144,2,189,4,175,67,65,208,136,48,6,175,15,108,129,74,165,14,216,58,22,2,0,2,250,250,128,0",
73 ,四十張山,新北市,中和區,2022/1/19,1.077,"https://classic-maps.openrouteservice.org/directions?n1=24.996677&n2=121.486148&n3=16&a=24.994606,121.47907,24.996103,121.47818,24.996632,121.478798,24.997142,121.479355,24.99532,121.478339,24.996269,121.478382,24.995847,121.478446,24.994567,121.479061&b=2&c=0&k1=en-US&k2=km",
74 ,仙跡岩,臺北市,文山區,2022/1/23,1.723,"https://classic-maps.openrouteservice.org/directions?n1=25.003765&n2=121.567952&n3=18&a=25.00344,121.565961,25.004116,121.566465,25.003488,121.569259&b=2&c=0&k1=en-US&k2=km",
75 ,抱子腳山,臺北市,文山區,2022/1/26,0.591,"https://maps.openrouteservice.org/#/directions/Xinhai%20Road%20Section%206,Heping%20Township,TP,%E5%8F%B0%E6%B9%BE/%E4%BB%99%E8%B7%A1%E5%B2%A9%E8%A6%AA%E5%B1%B1%E6%AD%A5%E9%81%93,T%E2%80%99ai-pei,TC,%E5%8F%B0%E6%B9%BE/%E4%BB%99%E8%B7%A1%E5%B2%A9%E8%A6%AA%E5%B1%B1%E6%AD%A5%E9%81%93,T%E2%80%99ai-pei,TC,%E5%8F%B0%E6%B9%BE/%E5%8F%B0%E5%8C%97%E8%A6%AA%E5%B1%B1%E6%8B%93%E5%8D%B018%E8%99%9F%E6%89%93%E5%8D%B0%E5%8F%B0,T%E2%80%99ai-pei,TC,%E5%8F%B0%E6%B9%BE/Huaien%20Tunnel,T%E2%80%99ai-pei,TC,%E5%8F%B0%E6%B9%BE/Huaien%20Tunnel,T%E2%80%99ai-pei,TC,%E5%8F%B0%E6%B9%BE/%E4%BA%94%E7%A6%8F%E8%87%A8%E9%96%80,T%E2%80%99ai-pei,TC,%E5%8F%B0%E6%B9%BE/%E4%BB%99%E8%B7%A1%E5%B2%A9%E8%A6%AA%E5%B1%B1%E6%AD%A5%E9%81%93,T%E2%80%99ai-pei,TC,%E5%8F%B0%E6%B9%BE/data/55,130,32,198,15,97,4,224,38,9,96,59,2,24,5,192,166,6,113,0,184,64,70,0,153,240,14,128,86,51,8,25,128,118,0,216,104,5,134,128,25,15,127,0,105,12,100,129,56,0,112,14,99,64,85,70,141,169,212,96,27,136,169,10,204,233,83,239,138,173,66,171,186,243,231,197,190,3,101,27,40,174,174,113,114,70,203,215,198,64,83,124,247,183,243,212,56,248,202,146,201,87,48,187,227,22,6,124,58,66,58,16,231,93,66,123,1,3,22,102,1,56,186,95,75,42,3,96,154,30,50,58,8,190,42,56,241,66,22,123,74,62,100,138,91,47,4,199,106,28,149,58,22,26,84,186,34,50,71,50,198,92,190,70,53,91,26,72,156,163,64,218,110,225,102,31,121,114,102,10,50,62,106,107,124,6,156,233,125,70,107,62,170,106,16,78,16,8,0,7,84,120,8,68,108,28,80,0,47,40,0,91,92,124,62,109,221,232,8,0,51,120,0,27,116,92,16,39,168,84,0,90,0,119,100,43,192,13,100,128,3,153,108,64,15,116,19,221,13,7,66,32,192,31,60,60,50,9,116,184,35,96,232,88,8,0,11,235,138,0",
76 ,象山,臺北市,信義區,2022/2/5,1.861,"https://classic-maps.openrouteservice.org/directions?n1=25.027739&n2=121.571479&n3=18&a=25.028476,121.568438,25.026746,121.57446,25.026592,121.575589,25.026642,121.575517,25.026694,121.574562,25.027423,121.57364,25.027418,121.573409,25.028491,121.568443&b=2&c=0&k1=en-US&k2=km",
77 ,福州山,臺北市,大安區,2022/2/6,2.647,"https://classic-maps.openrouteservice.org/directions?n1=25.015028&n2=121.556143&n3=16&a=25.009382,121.558966,25.011358,121.55841,25.01257,121.558272,25.014496,121.556388,25.017089,121.5548,25.015585,121.557069,25.015825,121.557469,25.016101,121.558385,25.015597,121.560794&b=2&c=0&k1=en-US&k2=km",辛亥－福州山－富陽自然生態公園
78 ,雲台山,連江縣,南竿鄉,2022/2/14,0.101,自己畫,
79 ,劍潭山,臺北市,士林區,2022/2/27,2.162,"https://maps.openrouteservice.org/#/directions/Lane 1,TongHe Street,T’ai-pei,TC,台湾/圓山風景區導覽地圖,T’ai-pei,TC,台湾/明德羽球場,T’ai-pei,TC,台湾/看飛機起降,T’ai-pei,TC,台湾/劍潭山登山口,T’ai-pei,TC,台湾/圓山飯店,T’ai-pei,TC,台湾/主樓,T’ai-pei,TC,台湾/Lane 1,TongHe Street,T’ai-pei,TC,台湾/data/55,130,32,198,15,97,4,224,38,9,96,59,2,24,5,192,166,6,113,0,184,64,70,0,153,240,14,128,86,66,1,100,160,118,50,200,25,144,134,207,192,6,0,56,1,164,44,147,59,96,211,135,6,148,58,80,6,192,193,128,110,34,164,40,72,144,19,144,149,124,29,149,150,83,71,159,78,248,105,180,38,205,190,50,108,200,140,39,56,185,66,170,106,80,97,50,219,101,18,247,240,224,233,153,9,188,82,100,52,182,10,132,28,82,204,12,28,230,28,220,188,222,76,18,116,62,204,102,44,161,246,49,188,138,209,44,100,94,108,52,202,202,226,190,198,12,58,178,242,246,18,28,156,201,70,156,148,133,52,245,165,76,78,2,193,153,20,218,210,202,236,248,18,68,186,9,69,34,49,34,248,212,238,202,189,84,180,52,18,98,109,195,12,133,245,132,70,82,90,212,30,32,92,32,16,0,14,168,240,16,136,216,56,160,0,94,80,0,182,184,248,202,71,39,208,16,0,102,240,0,54,232,184,32,79,148,21,0,5,160,3,187,32,126,0,107,36,0,28,208,226,7,123,161,62,232,104,58,17,6,7,249,224,209,144,7,131,221,27,7,66,192,64,0,95,18,80,0",
80 ,仙跡岩,臺北市,文山區,2022/5/29,1.319,"https://classic-maps.openrouteservice.org/directions?n1=24.991886&n2=121.545578&n3=16&a=24.991029,121.543409,24.992564,121.547974,24.991097,121.544865,24.991063,121.543388&b=2&c=0&k1=en-US&k2=km",
81 ,天上山,新北市,土城區,2022/7/20,8.033,"https://classic-maps.openrouteservice.org/directions?n1=24.948933&n2=121.44992&n3=18&a=24.966234,121.435806,24.956443,121.444155,24.949536,121.445893,24.949024,121.449096,24.945801,121.453421,24.946264,121.456143,24.945194,121.453893,24.960298,121.44347,24.963532,121.440972,24.966289,121.439897,24.964696,121.438011,24.966236,121.435815&b=2&c=0&k1=en-US&k2=km",
82 ,太平山,宜蘭縣,大同鄉,2022/9/10,1.141,"https://classic-maps.openrouteservice.org/directions?n1=24.488991&n2=121.532153&n3=16&a=24.492343,121.536838,24.493835,121.535055,24.495213,121.534349,24.494681,121.534224,24.492868,121.53528,24.49295,121.535897,24.49231,121.536831,null,null&b=2&c=0&k1=en-US&k2=km",
83 ,茂興,宜蘭縣,大同鄉,2022/9/10,1.737,自己畫,
84 ,土庫岳,新北市,深坑區,2022/10/1,3.73,自己畫,
85 ,鳶山,新北市,三峽區,2022/10/10,9.727,自己畫,
86 ,文山森林公園,臺北市,文山區,2022/11/6,0.714 ,"https://classic-maps.openrouteservice.org/directions?n1=25.003159&n2=121.54394&n3=18&a=25.004127,121.548348,25.004107,121.546402,25.002968,121.543754&b=2&c=0&k1=en-US&k2=km",
87 ,小烏來步道,桃園市,復興區,2022/11/18,1.122 ,自己畫,
88 ,雲之南道,嘉義縣,梅山鄉,2023/1/1,1.373 ,自己畫,
89 ,土庫岳,新北市,深坑區,2023/1/14,3.293 ,"https://classic-maps.openrouteservice.org/directions?n1=25.025923&n2=121.630066&n3=15&a=25.020625,121.631213,25.023151,121.635612,25.027973,121.634663,25.023332,121.63122,25.020706,121.631233&b=2&c=0&k1=en-US&k2=km",
90 ,太平雲梯,嘉義縣,梅山鄉,2023/1/22,0.679 ,自己畫,
91 ,合歡山主峰,臺中市,和平區,2023/1/28,2.526 ,"https://classic-maps.openrouteservice.org/directions?n1=24.133685&n2=121.271876&n3=18&a=24.13361,121.271582,24.142596,121.27118,24.133641,121.271579&b=2&c=0&k1=en-US&k2=km",
92 ,合歡山東峰,臺中市,和平區,2023/1/29,1.993 ,"https://classic-maps.openrouteservice.org/directions?n1=24.14052&n2=121.286084&n3=16&a=24.139763,121.287417,24.140538,121.286146,24.137968,121.283773,24.135656,121.281054,24.13806,121.284192,24.14054,121.286143&b=2&c=0&k1=en-US&k2=km",
93 ,石門山,花蓮縣,秀林鄉,2023/1/29,1.435 ,"https://classic-maps.openrouteservice.org/directions?n1=24.148372&n2=121.285288&n3=17&a=24.146124,121.284126,24.152311,121.284612,24.14616,121.28418&b=2&c=0&k1=en-US&k2=km",
94 ,東眼－拉卡山,桃園市,復興區,2023/2/27,17.733 ,"https://classic-maps.openrouteservice.org/directions?n1=24.825174&n2=121.420814&n3=14&a=24.832845,121.409284,24.832688,121.408639,24.831476,121.409045,24.830525,121.408975,24.841151,121.406039,24.842489,121.404519,24.812482,121.436802,24.810148,121.435,24.819555,121.405903,24.830476,121.40895,24.831456,121.40909,24.832719,121.408594,24.832844,121.409279&b=2&c=0&k1=en-US&k2=km",志繼山－東眼山－拉卡山
95 ,忠義山,臺北市,北投區,2023/6/24,5.860 ,"https://classic-maps.openrouteservice.org/directions?n1=25.111508&n2=121.481706&n3=13&a=25.131117,121.473165,25.134847,121.476445,25.137074,121.478622,25.147726,121.481531,25.139396,121.473534,25.135426,121.472107,25.134462,121.471263,25.133031,121.469464,25.128731,121.465859,25.126672,121.46591&b=2&c=0&k1=en-US&k2=km",忠義山、嘎嘮別山
96 ,四獸山,臺北市,信義區,2023/7/1,3.794 ,"https://classic-maps.openrouteservice.org/directions?n1=25.030369&n2=121.57479&n3=15&a=25.036401,121.587472,25.033172,121.586798,25.031228,121.583784,25.0293,121.582611,25.026714,121.580509,25.025626,121.578002,25.027313,121.570753&b=2&c=0&k1=en-US&k2=km",虎山、豹山、獅山、象山
97 ,仙跡岩,臺北市,文山區,2023/7/9,3.177 ,"https://classic-maps.openrouteservice.org/directions?n1=24.991183&n2=121.546689&n3=17&a=24.990473,121.543193,24.990334,121.544612,24.988898,121.54449,24.98858,121.54739,24.988392,121.544616,24.991037,121.544799,24.992308,121.547531,24.992476,121.548395,24.992616,121.548149,24.990483,121.543178,null,null&b=2&c=0&k1=en-US&k2=km",
98 ,貓空,臺北市,文山區,2023/7/23,8.569 ,"https://classic-maps.openrouteservice.org/directions?n1=24.981118&n2=121.583708&n3=16&a=24.984434,121.580637,24.979999,121.585904,24.979163,121.589268,24.976216,121.590011,24.973117,121.595521,24.969301,121.596499,24.970219,121.591605,24.967119,121.582911,24.974897,121.580958,24.983578,121.579928,24.983886,121.579009&b=2&c=0&k1=en-US&k2=km",臺北大縱走第七段
99 ,軍功山,臺北市,文山區,2023/7/23,2.358 ,"https://classic-maps.openrouteservice.org/directions?n1=25.009739&n2=121.562459&n3=16&a=25.006985,121.565655,25.007885,121.563425,25.011242,121.572194,25.006974,121.565679&b=2&c=0&k1=en-US&k2=km",臺北大縱走第六段（部分）
100 ,忠勇山,臺北市,內湖區,2023/8/5,1.213 ,"https://classic-maps.openrouteservice.org/directions?n1=25.097705&n2=121.586994&n3=18&a=25.098366,121.587937,25.097469,121.587583,25.098191,121.585983,25.099024,121.584333,25.098492,121.586618,25.097945,121.587317,25.098298,121.587883&b=2&c=0&k1=en-US&k2=km",臺北大縱走第五段（部分）
101 ,鯉魚山,臺北市,內湖區,2023/8/5,1.996 ,"https://classic-maps.openrouteservice.org/directions?n1=25.0955&n2=121.590197&n3=18&a=25.097241,121.58933,25.095978,121.595181,25.094713,121.593423,25.095991,121.58913&b=2&c=0&k1=en-US&k2=km",臺北大縱走第四段（部分）
102 ,福州山,臺北市,大安區,2023/8/5,1.590 ,"https://classic-maps.openrouteservice.org/directions?n1=25.016697&n2=121.552595&n3=18&a=25.017831,121.552477,25.015791,121.553528,25.016849,121.55426,25.017055,121.554794,25.016823,121.55411,25.015955,121.553326,25.017891,121.552543&b=2&c=0&k1=en-US&k2=km",臺北大縱走第六段（部分）
103 ,滿月圓步道,新北市,三峽區,2023/8/12,4.642 ,"https://classic-maps.openrouteservice.org/directions?n1=24.819445&n2=121.451679&n3=15&a=24.832655,121.445371,24.819393,121.453722,24.832675,121.445336&b=2&c=0&k1=en-US&k2=km",
104 ,劍潭支線,臺北市,內湖區,2023/9/30,9.380 ,"https://classic-maps.openrouteservice.org/directions?n1=25.106534&n2=121.57931&n3=13&a=null,null,25.079691,121.52461,25.081788,121.526834,25.083516,121.530113,25.088358,121.534247,25.092332,121.541601,25.097161,121.555367,25.098269,121.567235,25.101252,121.571496,25.10141,121.579146,25.098256,121.585328,25.098295,121.587919,null,null&b=2&c=0&k1=en-US&k2=km",臺北大縱走第五段（部分）
105 ,南港山,臺北市,信義區,2023/10/15,6.545 ,"https://classic-maps.openrouteservice.org/directions?n1=25.036743&n2=121.584386&n3=17&a=25.03915,121.589818,25.032287,121.593325,25.016525,121.579797,25.036828,121.585186,null,null&b=2&c=0&k1=en-US&k2=km",臺北大縱走第六段（部分）
106 ,中華科大,臺北市,南港區,2023/10/15,0.468 ,"https://classic-maps.openrouteservice.org/directions?n1=25.033102&n2=121.608028&n3=18&a=25.033078,121.609819,25.033227,121.607633,25.033086,121.609805&b=2&c=0&k1=en-US&k2=km",臺北大縱走第六段（部分）
107 ,大崙尾山,臺北市,內湖區,2023/11/20,3.397 ,"https://classic-maps.openrouteservice.org/directions?n1=25.106019&n2=121.584707&n3=18&a=25.106119,121.583685,25.106433,121.585425,25.110264,121.586144,25.114014,121.588276,25.114532,121.59218,25.112631,121.588361,25.113872,121.587953,25.106424,121.585316,25.106101,121.583687&b=2&c=0&k1=en-US&k2=km",臺北大縱走第四段（部分）
108 ,下青礐步道,臺北市,北投區,2023/12/8,1.041 ,"https://classic-maps.openrouteservice.org/directions?n1=25.160959&n2=121.496177&n3=17&a=25.162137,121.496204,25.15857,121.493703,25.162221,121.496159&b=2&c=0&k1=en-US&k2=km",臺北大縱走第一段（部分）
109 ,大屯山環形,臺北市,北投區,2023/12/8,10.518 ,"https://classic-maps.openrouteservice.org/directions?n1=25.17913&n2=121.520401&n3=16&a=25.159938,121.500945,25.170967,121.513544,25.179887,121.522872,25.184004,121.528373,25.183836,121.519972,25.160085,121.500781&b=2&c=0&k1=en-US&k2=km",臺北大縱走第一、二段（部分）
110 ,七星山縱走,臺北市,士林區,2023/12/10,15.316 ,"https://classic-maps.openrouteservice.org/directions?n1=25.1371&n2=121.541116&n3=12&a=25.179677,121.546465,25.177214,121.546884,25.176748,121.547531,25.169122,121.555441,25.165147,121.568604,25.165426,121.581441,25.159198,121.588741,25.148729,121.593867,25.138013,121.602211,25.136349,121.600997,25.129194,121.600377,25.124298,121.60134,25.11869,121.598437,25.114688,121.597585&b=2&c=0&k1=en-US&k2=km",臺北大縱走第二、四段（部分）、第三段
111 ,龜山,屏東縣,車城鄉,2023/12/29,1.135,"https://classic-maps.openrouteservice.org/directions?n1=22.050562&n2=120.701707&n3=17&a=22.049786,120.704052,22.051795,120.701049,22.050303,120.701029,22.049796,120.704041&b=2&c=0&k1=en-US&k2=km",健行筆記屏東步道
112 ,巴塱衛山,臺東縣,大武鄉,2023/12/31,0.015,"https://classic-maps.openrouteservice.org/directions?n1=22.322497&n2=120.879852&n3=18&a=22.322431,120.878851,22.322646,120.878987&b=2&c=0&k1=en-US&k2=km",健行筆記小百岳#1
113 ,南勢角山,新北市,中和區,2024/1/7,3.161,https://hiking.biji.co/index.php?q=trail&act=gpx_detail&id=2839366,健行筆記小百岳#2
114 ,象山,臺北市,信義區,2024/1/13,3.450,https://hiking.biji.co/index.php?q=trail&act=gpx_detail&id=2848145,健行筆記台北步道
115 ,二格山,新北市,石碇區,2024/1/14,3.414,https://hiking.biji.co/index.php?q=trail&act=gpx_detail&id=2853179,健行筆記小百岳#3
116 ,土庫岳,新北市,深坑區,2024/2/3,2.469,https://hiking.biji.co/index.php?q=trail&act=gpx_detail&id=2879088,健行筆記小百岳#4
117 ,天上山,新北市,土城區,2024/2/14,5.089,"https://hiking.biji.co/index.php?q=trail&act=gpx_detail&id=2896915, https://hiking.biji.co/index.php?q=trail&act=gpx_detail&id=2897375",健行筆記小百岳#5
118 ,大棟山,新北市,樹林區,2024/2/25,9.004,https://hiking.biji.co/index.php?q=trail&act=gpx_detail&id=2917480,健行筆記小百岳#6
119 ,獅仔頭山,新北市,新店區,2024/3/10,3.719,https://hiking.biji.co/index.php?q=trail&act=gpx_detail&id=2954735,健行筆記小百岳#7
120 ,三角崙山,宜蘭縣,礁溪鄉,2024/3/16,17.416,https://hiking.biji.co/index.php?q=trail&act=gpx_detail&id=2975829,抹茶山、健行筆記小百岳#8、https://hiking.biji.co/index.php?q=trail&act=gpx_detail&id=2980221
121 ,姜子寮山,基隆市,七堵區,2024/3/23,3.976,https://hiking.biji.co/index.php?q=trail&act=gpx_detail&id=3008073,健行筆記小百岳#9
122 ,槓子寮山,基隆市,信義區,2024/3/23,2.423,https://hiking.biji.co/index.php?q=trail&act=gpx_detail&id=3010713,健行筆記小百岳#10
123 ,茵他儂山,清邁府,湄曾縣,2024/6/1,0.994,"https://classic-maps.openrouteservice.org/directions?n1=18.588401&n2=98.487036&n3=18&a=18.589412,98.487189,18.588578,98.487441,18.589153,98.485172,18.588729,98.484716,18.589412,98.487097&b=2&c=0&k1=en-US&k2=km",泰國最高峰
124 ,冷水坑,臺北市,士林區,2024/6/29,0.849,https://hiking.biji.co/index.php?q=trail&act=gpx_detail&id=3332593,臺北大縱走第三段（部分）
125 ,劍潭山,臺北市,士林區,2024/8/18,3.177,https://hiking.biji.co/index.php?q=trail&act=gpx_detail&id=3627741,健行筆記小百岳#11
126 ,劍潭支線,臺北市,士林區,2024/8/18,8.144,https://hiking.biji.co/index.php?q=trail&act=gpx_detail&id=3628876,臺北大縱走第五段（部分）
127 ,貓空,臺北市,文山區,2024/8/24,4.546,https://hiking.biji.co/index.php?q=trail&act=gpx_detail&id=3662212,臺北大縱走第七段（部分）
128 ,觀音山,新北市,八里區,2024/9/1,6.135,https://hiking.biji.co/index.php?q=trail&act=gpx_detail&id=3708721,健行筆記小百岳#12、健行筆記新北步道
129 ,內洞,新北市,烏來區,2024/10/6,7.919,https://hiking.biji.co/index.php?q=trail&act=gpx_detail&id=3882506,健行筆記新北步道
130 ,司馬庫斯,新竹縣,尖石鄉,2024/10/10,13.276,https://hiking.biji.co/index.php?q=trail&act=gpx_detail&id=3900490,健行筆記新竹步道
131 ,大香山,新北市,新店區,2024/10/13,0.423,https://hiking.biji.co/index.php?q=trail&act=gpx_detail&id=3924439,
132 ,新莊-林口,新北市,林口區,2024/10/28,14.298,https://hiking.biji.co/index.php?q=trail&act=gpx_detail&id=3990676,
133 ,坪林觀音亭,新北市,坪林區,2024/11/23,0.792,https://hiking.biji.co/index.php?q=trail&act=gpx_detail&id=4084803,
134 ,桃園谷,宜蘭縣,頭城鎮,2024/11/30,7.576,https://hiking.biji.co/index.php?q=trail&act=gpx_detail&id=4111025,健行筆記新北步道
135 ,灣坑頭山,宜蘭縣,頭城鎮,2024/11/30,3.012,https://hiking.biji.co/index.php?q=trail&act=gpx_detail&id=4112197,健行筆記小百岳#13
136 ,淡蘭北路,宜蘭縣,頭城鎮,2024/11/30,5.876,https://hiking.biji.co/index.php?q=trail&act=gpx_detail&id=4114677,淡蘭北路第五段：雙溪車站至大里車站
137 ,馬丘比丘,庫斯科大區,烏魯班巴省,2024/12/25,1.737,"https://classic-maps.openrouteservice.org/directions?n1=-13.164055&n2=-72.541514&n3=17&a=-13.165771,-72.543053,-13.165088,-72.543499,-13.165342,-72.54409,-13.165995,-72.544331,-13.165165,-72.544632,-13.162015,-72.545792,-13.162663,-72.544574,-13.16517,-72.543327,-13.165765,-72.543014&b=2&c=0&k1=en-US&k2=km",
138 ,彩虹山,庫斯科大區,基斯皮欽奇省,2024/12/26,0.599,"https://classic-maps.openrouteservice.org/directions?n1=-13.869473&n2=-71.301323&n3=18&a=-13.86952,-71.301654,-13.86788,-71.303004,-13.869344,-71.302942,-13.869511,-71.301623&b=2&c=0&k1=en-US&k2=km",
139 ,石門山,桃園市,石門區,2025/3/1,5.476,https://hiking.biji.co/index.php?q=trail&act=gpx_detail&id=4285332&fbclid=IwZXh0bgNhZW0CMTEAAR1pzPOZ_j7_CDEIOEV-jreds62WZywi0To1PaMMiXk2jzQRn07KoZ0_ido_aem_iSQLXyId8W6OSn5RAMHwRQ,健行筆記小百岳#14
140 ,溪州山,桃園市,大溪區,2025/3/2,9.388,https://hiking.biji.co/index.php?q=trail&act=gpx_detail&id=4291083&fbclid=IwZXh0bgNhZW0CMTEAAR3RQnmZ8Z42LO_6pZ4A-shI9mxHtHrZzCkW2g5kyX1FsO3i-7jMAXUEUz8_aem_gSv_28KzlPokRx9weXyYPA,健行筆記小百岳#15
141 ,二龍山,新北市,烏來區,2025/3/23,4.706,https://hiking.biji.co/index.php?q=trail&act=gpx_detail&id=4353995,
142 ,面天山,新北市,淡水區,2025/4/4,8.591,"https://hiking.biji.co/index.php?q=trail&act=gpx_detail&id=4388804, https://hiking.biji.co/index.php?q=trail&act=gpx_detail&id=4388794",
